省份,城市,城市代码,24小时累积雨量(mm)
内蒙古自治区,商都,53385,274.7
广西壮族自治区,天等,59227,266.2
广西壮族自治区,忻城,59038,200.9
福建省,建阳,58734,151.7
海南省,中沙,59979,118.8
海南省,海口,59758,118.8
广西壮族自治区,东兴,59626,110.5
广东省,龙川,59107,107.9
广西壮族自治区,田东,59224,107.8
广西壮族自治区,平果,59228,102.8
广东省,增城,59294,102.10000000000001
广西壮族自治区,陆川,59457,101.0
广西壮族自治区,防城,59631,91.9
广西壮族自治区,上林,59235,90.8
广东省,河源,59293,84.39999999999999
广西壮族自治区,巴马,59027,80.8
云南省,金平,56987,78.4
广东省,广州,59287,76.7
福建省,东山,59321,75.9
广西壮族自治区,崇左,59425,74.4
海南省,乐东,59940,73.7
福建省,永泰,58932,69.2
广东省,佛山,59288,68.0
广西壮族自治区,防城港,59635,66.0
广西壮族自治区,田阳,59213,64.5
广西壮族自治区,南宁,59431,63.8
广西壮族自治区,南宁城区,59432,63.8
广西壮族自治区,德保,59215,63.7
福建省,宁德,58846,63.599999999999994
江西省,寻乌,59102,62.9
贵州省,晴隆,57900,62.1
福建省,云霄,59322,60.6
海南省,澄迈,59843,59.900000000000006
广西壮族自治区,浦北,59448,59.8
广西壮族自治区,博白,59449,59.300000000000004
福建省,明溪,58824,57.599999999999994
海南省,临高,59842,57.0
贵州省,榕江,57932,55.2
广西壮族自治区,南丹,59022,54.7
福建省,尤溪,58837,54.4
广西壮族自治区,横县,59441,53.800000000000004
贵州省,普安,56792,53.1
贵州省,贞丰,57905,53.1
黑龙江省,嘉荫,50673,52.8
广东省,汕尾,59501,52.7
广东省,佛冈,59087,51.3
广东省,海丰,59500,51.3
广西壮族自治区,隆安,59229,51.1
广西壮族自治区,宜州,59034,50.1
福建省,大田,58923,49.8
广西壮族自治区,田林,59017,49.5
广西壮族自治区,马山,59230,49.2
江西省,石城,58814,49.1
广西壮族自治区,凭祥,59419,48.5
福建省,将乐,58821,47.800000000000004
贵州省,册亨,57909,47.7
广西壮族自治区,东兰,59025,47.6
云南省,石屏,56970,47.4
广东省,徐闻,59754,47.0
福建省,上杭,58918,45.5
广东省,从化,59285,45.5
江西省,安远,58907,44.900000000000006
广西壮族自治区,凌云,59015,44.9
福建省,顺昌,58823,43.7
广东省,仁化,57989,42.9
黑龙江省,绥滨,50787,42.8
广西壮族自治区,邕宁,59435,42.7
福建省,福安,58748,42.6
广西壮族自治区,大新,59421,42.2
四川省,西充,57309,41.5
福建省,漳浦,59129,40.0
福建省,武平,58917,40.0
四川省,南部,57314,39.4
江西省,定南,59093,38.9
黑龙江省,虎林,50983,38.6
福建省,连城,58912,38.5
广西壮族自治区,天峨,57927,38.4
福建省,同安,59130,38.300000000000004
云南省,砚山,56991,38.199999999999996
贵州省,从江,57936,37.7
四川省,仪陇,57315,37.6
贵州省,长顺,57818,37.6
四川省,巴中,57313,37.6
黑龙江省,同江,50778,37.5
浙江省,兰溪,58548,37.400000000000006
广东省,潮州,59312,37.400000000000006
广西壮族自治区,宾阳,59238,37.2
广东省,普宁,59314,36.9
黑龙江省,富锦,50788,36.9
四川省,阆中,57306,36.9
浙江省,遂昌,58644,36.8
广西壮族自治区,岑溪,59454,36.400000000000006
广东省,惠东,59492,36.400000000000006
黑龙江省,双鸭山,50884,36.2
广西壮族自治区,北海,59644,36.1
广西壮族自治区,藤县,59256,35.9
广西壮族自治区,苍梧,59266,35.8
广东省,潮阳,59318,35.8
贵州省,六枝,57807,35.1
广东省,珠海,59488,34.9
四川省,旺苍,57217,34.5
浙江省,青田,58657,34.4
广东省,汕头,59316,34.3
广西壮族自治区,都安,59037,34.1
广西壮族自治区,河池,59023,34.0
四川省,苍溪,57303,32.9
福建省,南平,58834,32.2
黑龙江省,集贤,50880,32.2
广东省,蕉岭,59114,30.599999999999998
广东省,揭阳,59315,30.0
广东省,陆丰,59502,30.0
广西壮族自治区,柳江,59047,29.6
广西壮族自治区,武宣,59246,29.400000000000002
广东省,四会,59276,29.4
四川省,营山,57318,29.2
四川省,广元,57206,29.0
广东省,大埔,59116,28.6
广东省,云浮,59471,28.5
浙江省,丽水,58646,28.3
广东省,梅县,59117,27.8
福建省,武夷山,58730,27.8
广东省,梅州,591170,27.8
四川省,邻水,57416,27.2
广西壮族自治区,玉林,59453,26.900000000000002
海南省,儋州,59845,26.9
贵州省,平塘,57921,26.7
贵州省,仁怀,57710,26.599999999999998
福建省,平和,59125,26.200000000000003
黑龙江省,饶河,50892,25.8
四川省,南充,57411,25.6
云南省,晋宁,56871,25.5
广东省,番禺,59481,25.3
广东省,新丰,59097,25.2
黑龙江省,萝北,50776,24.9
广东省,恩平,59477,24.8
黑龙江省,密山,50985,24.7
福建省,南靖,59124,24.599999999999998
广东省,英德,59088,24.4
广东省,平远,59106,24.2
四川省,平昌,57324,24.1
云南省,会泽,56684,24.0
黑龙江省,宝清,50888,23.8
福建省,连江,58848,23.799999999999997
福建省,政和,58736,23.7
贵州省,兴仁,57902,23.599999999999998
福建省,罗源,58845,23.5
黑龙江省,黑河,50468,23.5
贵州省,金沙,57714,23.4
浙江省,缙云,58654,23.3
云南省,峨山,56898,23.3
四川省,蓬溪,57402,23.2
广东省,深圳,59493,23.1
广西壮族自治区,平南,59255,22.8
四川省,蓬安,57317,22.7
四川省,会理,56671,22.7
新疆维吾尔自治区,玛纳斯,51359,22.7
海南省,白沙,59848,22.6
四川省,剑阁,57208,22.5
福建省,诏安,59320,22.5
广东省,东莞,59289,22.2
江西省,广丰,58635,21.8
浙江省,衢州,58633,21.700000000000003
黑龙江省,抚远,50779,21.5
广西壮族自治区,钦州,59632,20.8
广西壮族自治区,武鸣,59237,20.7
广西壮族自治区,环江,59031,20.7
云南省,武定,56774,20.7
福建省,漳平,58926,20.6
陕西省,宁强,57211,20.400000000000002
黑龙江省,绥芬河,54096,20.4
四川省,岳池,57414,20.4
黑龙江省,东宁,54099,20.2
黑龙江省,孙吴,50564,20.2
广东省,雷州,59750,20.1
贵州省,兴义,57907,19.900000000000002
贵州省,安龙,57908,19.8
陕西省,商洛,57143,19.7
贵州省,织金,57805,19.6
广东省,兴宁,59109,19.6
广东省,郁南,59268,19.500000000000004
广东省,湛江,59658,19.5
浙江省,松阳,58645,19.3
广东省,鹤山,59473,18.8
云南省,西畴,56992,18.8
黑龙江省,桦川,50878,18.8
黑龙江省,乌伊岭,50674,18.4
广西壮族自治区,资源,57859,18.4
云南省,建水,56973,18.3
福建省,德化,58935,18.1
广西壮族自治区,容县,59452,18.1
黑龙江省,七台河,50971,18.1
四川省,广安,57415,18.1
广西壮族自治区,凤山,59021,18.0
福建省,永安,58921,18.0
江西省,遂川,57896,18.0
黑龙江省,穆棱,54093,17.9
四川省,马尔康,56172,17.8
福建省,建瓯,58737,17.7
浙江省,永嘉,58658,17.7
四川省,武胜,57417,17.7
贵州省,独山,57922,17.6
广东省,阳江,59663,17.6
重庆市,潼南,57409,17.5
广西壮族自治区,来宾,59242,17.4
甘肃省,正宁,53935,17.4
广东省,江门,594760,17.2
广东省,新会,59476,17.2
福建省,华安,58928,17.1
贵州省,纳雍,57800,16.9
黑龙江省,鸡东,50987,16.8
江西省,于都,58905,16.799999999999997
福建省,漳州,59126,16.7
福建省,龙岩,58927,16.7
福建省,浦城,58731,16.5
四川省,仁和,56674,16.5
广西壮族自治区,百色,59211,16.3
黑龙江省,鸡西,50978,16.2
四川省,渠县,57413,16.2
黑龙江省,逊克,50566,16.1
湖南省,宜章,57976,16.099999999999998
福建省,宁化,58818,15.6
福建省,三明,58828,15.6
广东省,五华,59303,15.6
广西壮族自治区,乐业,59012,15.5
江西省,上饶,58637,15.5
四川省,德昌,56569,15.4
四川省,盐源,56565,15.4
云南省,禄劝,56775,15.3
福建省,闽侯,58844,15.2
四川省,金阳,56584,15.1
广东省,连南,59071,15.1
黑龙江省,北安,50656,15.1
广东省,南澳,59324,14.899999999999999
四川省,南江,57216,14.799999999999999
江西省,泰和,57899,14.700000000000001
云南省,玉溪,56875,14.700000000000001
陕西省,洛南,57057,14.7
海南省,昌江,59847,14.4
四川省,盐边,56665,14.399999999999999
福建省,永春,58934,14.2
福建省,沙县,58826,14.2
湖南省,宁远,57966,14.1
四川省,汶川,56183,14.1
福建省,南安,59131,14.0
福建省,长乐,58941,14.0
广东省,新兴,59470,14.0
四川省,遂宁,57405,14.0
四川省,华蓥山,57418,13.9
﻿广西壮族自治区,北流,59451,13.9
江西省,宜黄,58714,13.9
江西省,会昌,58906,13.8
江西省,吉安,57799,13.5
福建省,安溪,58929,13.5
贵州省,普定,57808,13.5
贵州省,荔波,57926,13.5
湖南省,资兴,57981,13.4
陕西省,蓝田,57047,13.2
广东省,紫金,59304,13.2
陕西省,宜君,53945,13.2
福建省,永定,59113,13.2
四川省,攀枝花,56666,13.2
福建省,松溪,58735,13.2
黑龙江省,伊春,50774,13.0
新疆维吾尔自治区,乌苏,51346,13.0
浙江省,临海,58660,13.0
广西壮族自治区,合浦,59640,12.700000000000001
浙江省,苍南,58755,12.7
浙江省,永康,58643,12.7
浙江省,武义,58642,12.6
广西壮族自治区,灵山,59446,12.6
黑龙江省,勃利,50973,12.5
广东省,揭西,59306,12.5
广东省,高要,59278,12.4
广东省,肇庆,592780,12.4
广西壮族自治区,梧州,59265,12.4
重庆市,万盛,57509,12.399999999999999
贵州省,三都,57923,12.3
福建省,霞浦,58843,12.2
四川省,宁南,56578,12.2
浙江省,浦江,58546,12.2
江西省,铅山,58629,12.1
福建省,龙海,59127,12.0
陕西省,洛川,53942,12.0
陕西省,城固,57128,12.0
陕西省,黄龙,53946,12.0
贵州省,紫云,57910,12.0
四川省,普格,56575,11.9
贵州省,镇宁,57809,11.9
广东省,遂溪,59650,11.9
云南省,屏边,56986,11.899999999999999
广东省,曲江,59085,11.899999999999999
广东省,韶关,59082,11.899999999999999
江西省,南城,58715,11.899999999999999
陕西省,洋县,57126,11.8
四川省,通江,57320,11.8
四川省,金川,56168,11.8
浙江省,龙泉,58647,11.799999999999999
广东省,连平,59096,11.7
湖南省,桂阳,57973,11.7
陕西省,长武,53929,11.7
陕西省,汉中,57127,11.6
广西壮族自治区,贵港,59249,11.399999999999999
甘肃省,合水,53934,11.3
四川省,雷波,56485,11.299999999999999
贵州省,黔西,57803,11.200000000000001
陕西省,黄陵,53944,11.2
云南省,易门,56870,11.2
新疆维吾尔自治区,石河子,51356,11.1
湖南省,郴州,57972,11.1
云南省,通海,56878,11.0
陕西省,勉县,57119,11.0
广东省,德庆,59269,10.900000000000002
陕西省,南郑,57213,10.8
吉林省,图们,54293,10.8
陕西省,户县,57132,10.8
陕西省,长安,57039,10.8
陕西省,西乡,57129,10.7
四川省,壤塘,56164,10.7
重庆市,渝北,57513,10.6
云南省,澄江,56873,10.5
四川省,冕宁,56474,10.5
海南省,保亭,59945,10.3
湖南省,安仁,57881,10.3
福建省,古田,58836,10.3
四川省,越西,56475,10.3
陕西省,宁陕,57137,10.3
湖南省,蓝山,57975,10.200000000000001
广东省,三水,59279,10.2
四川省,会东,56675,10.2
浙江省,龙游,58547,10.1
四川省,大竹,57420,10.1
四川省,资中,56393,10.1
四川省,米易,56670,10.1
陕西省,柞水,57140,10.0
云南省,呈贡,56882,10.0
海南省,定安,59851,9.9
黑龙江省,桦南,50879,9.9
广东省,封开,59264,9.8
新疆维吾尔自治区,天池,51470,9.8
四川省,天全,56278,9.799999999999999
陕西省,太白,57028,9.700000000000001
四川省,安岳,57408,9.700000000000001
陕西省,渭南,57045,9.700000000000001
广东省,连州,59072,9.7
黑龙江省,五营,50772,9.7
重庆市,合川,57512,9.6
陕西省,留坝,57124,9.5
陕西省,兴平,57038,9.5
江西省,宁冈,57883,9.5
云南省,河口县,56989,9.5
云南省,永善,56489,9.4
福建省,周宁,58747,9.3
浙江省,桐庐,58542,9.2
湖南省,永兴,57887,9.2
浙江省,温州,58659,9.1
福建省,柘荣,58749,9.1
浙江省,温岭,58664,9.0
海南省,五指山,59941,8.899999999999999
福建省,福清,58942,8.8
广东省,惠来,59317,8.8
广东省,澄海,59319,8.700000000000001
吉林省,汪清,54195,8.7
重庆市,大足,57502,8.7
重庆市,铜梁,57510,8.7
黑龙江省,佳木斯,50873,8.6
广东省,花都,59284,8.6
浙江省,云和,58742,8.6
广西壮族自治区,扶绥,59426,8.6
海南省,琼中,59849,8.6
广西壮族自治区,上思,59429,8.5
陕西省,丹凤,57153,8.5
广东省,和平,59099,8.5
贵州省,习水,57614,8.5
湖南省,茶陵,57882,8.5
四川省,甘孜,56146,8.4
广东省,南雄,57996,8.4
云南省,宁蒗,56567,8.4
四川省,名山,56280,8.3
云南省,安宁,56863,8.299999999999999
甘肃省,宁县,53937,8.2
黑龙江省,克东,50659,8.2
陕西省,镇巴,57238,8.2
云南省,曲靖,56786,8.2
贵州省,安顺,57806,8.2
江西省,万安,57895,8.2
四川省,威远,56395,8.2
陕西省,佛坪,57134,8.2
江西省,资溪,58713,8.2
浙江省,平阳,58751,8.1
福建省,长汀,58911,8.1
广东省,信宜,59456,7.9
四川省,射洪,57401,7.9
海南省,屯昌,59854,7.8
云南省,江川,56876,7.7
浙江省,景宁,58648,7.7
云南省,永仁,56669,7.6000000000000005
江西省,井冈山,57894,7.6000000000000005
浙江省,建德,58544,7.6
陕西省,紫阳,57231,7.5
云南省,禄丰,56777,7.4
广东省,饶平,59313,7.4
福建省,长泰,59122,7.4
广东省,连山,59074,7.4
福建省,福鼎,58754,7.3
湖南省,道县,57965,7.199999999999999
浙江省,乐清,58656,7.1000000000000005
江西省,兴国,58804,7.1000000000000005
四川省,隆昌,57507,7.1
四川省,雅安,56287,7.1
河南省,卢氏,57067,7.1
四川省,黑水,56185,7.1
陕西省,镇安,57144,7.1
重庆市,城口,57333,7.0
四川省,布拖,56580,7.0
云南省,镇雄,56595,7.0
浙江省,仙居,58652,6.9
江西省,信丰,57995,6.9
浙江省,诸暨,58550,6.9
广西壮族自治区,罗城,59033,6.9
广西壮族自治区,宁明,59427,6.9
甘肃省,灵台,53924,6.8999999999999995
云南省,华坪,56664,6.8999999999999995
福建省,莆田,58946,6.800000000000001
云南省,师宗,56883,6.8
贵州省,大方,57708,6.8
新疆维吾尔自治区,昌吉,51368,6.8
福建省,清流,58819,6.8
甘肃省,西峰,53923,6.7
福建省,闽清,58839,6.699999999999999
广东省,龙门,59290,6.699999999999999
湖南省,耒阳,57876,6.699999999999999
四川省,道孚,56167,6.6000000000000005
重庆市,北碚,57511,6.6
福建省,屏南,58933,6.6
陕西省,石泉,57232,6.6
福建省,光泽,58724,6.6
吉林省,舒兰,54076,6.6
湖南省,嘉禾,57974,6.5
浙江省,庆元,58745,6.5
广东省,怀集,59270,6.5
山西省,万荣,53956,6.5
江西省,永新,57891,6.5
陕西省,平利,57248,6.5
青海省,达日,56046,6.5
四川省,乐至,57407,6.5
陕西省,陇县,57003,6.4
甘肃省,泾川,53926,6.4
四川省,青川,57204,6.4
陕西省,杨凌,57123,6.4
陕西省,华阴,57055,6.3
黑龙江省,牡丹江,54094,6.3
四川省,达州,57328,6.2
四川省,昭觉,56479,6.199999999999999
四川省,喜德,56478,6.199999999999999
湖北省,郧西,57251,6.1000000000000005
广西壮族自治区,龙州,59417,6.1000000000000005
四川省,美姑,56487,6.1
四川省,盐亭,57308,6.1
陕西省,韩城,53955,6.1
贵州省,罗甸,57916,6.1
重庆市,梁平,57426,6.0
陕西省,华县,57049,6.0
陕西省,镇坪,57343,6.0
陕西省,旬邑,53938,6.0
四川省,荥经县,56373,6.0
福建省,寿宁,58744,5.9
广东省,翁源,59094,5.9
陕西省,麟游,57022,5.8999999999999995
陕西省,淳化,57031,5.800000000000001
广西壮族自治区,靖西,59218,5.800000000000001
重庆市,荣昌,57505,5.8
四川省,合江,57603,5.8
广东省,顺德,59480,5.8
陕西省,咸阳,57048,5.8
陕西省,略阳,57106,5.7
浙江省,泰顺,58746,5.7
广东省,始兴,59090,5.7
陕西省,岚皋,57247,5.6
陕西省,白河,57254,5.6
陕西省,凤县,57113,5.6
吉林省,龙井,54290,5.6
福建省,秀屿港,58938,5.6
陕西省,武功,57034,5.6
陕西省,潼关,57054,5.5
贵州省,丹寨,57829,5.5
黑龙江省,林口,50979,5.5
陕西省,铜川,53947,5.5
甘肃省,庆城,53829,5.5
河南省,栾川县,57077,5.5
湖北省,竹溪,57249,5.5
江西省,分宜,57792,5.4
陕西省,周至,57032,5.4
陕西省,富县,53931,5.4
四川省,西昌,56571,5.4
广东省,惠州,59298,5.4
贵州省,水城,56693,5.4
河南省,西峡,57156,5.4
江西省,永丰,58705,5.300000000000001
吉林省,东岗,54284,5.300000000000001
云南省,昆明,56778,5.300000000000001
黑龙江省,鹤岗,50775,5.3
新疆维吾尔自治区,小渠子,51465,5.3
陕西省,西安,57036,5.3
湖北省,郧县,57253,5.3
贵州省,关岭,57903,5.3
四川省,三台,57307,5.2
吉林省,长白,54386,5.2
四川省,万源,57237,5.2
云南省,富民,56772,5.2
云南省,丘北,56889,5.199999999999999
广东省,乳源,59081,5.199999999999999
西藏自治区,加查,56307,5.1000000000000005
青海省,治多,56016,5.1
广东省,丰顺,59310,5.1
黑龙江省,绥棱,50767,5.0
福建省,平潭,58944,5.0
云南省,马龙,56782,5.0
福建省,福州,58847,5.0
黑龙江省,绥化,50853,5.0
吉林省,延吉,54292,4.9
陕西省,白水,53941,4.9
四川省,蒲江,56281,4.9
浙江省,金华,58549,4.9
重庆市,綦江,57612,4.9
湖北省,十堰,57256,4.9
陕西省,礼泉,57029,4.9
青海省,曲麻莱,56021,4.9
新疆维吾尔自治区,呼图壁,51367,4.8999999999999995
福建省,厦门,59134,4.8999999999999995
四川省,沐川,56490,4.8
云南省,麻栗坡,56996,4.8
重庆市,璧山,57514,4.8
﻿广西壮族自治区,容县,59452,4.8
云南省,巧家,56673,4.8
甘肃省,崇信,53928,4.7
湖北省,神农架,57362,4.7
黑龙江省,五大连池,50655,4.7
广西壮族自治区,象州,59241,4.7
四川省,泸县,57508,4.6000000000000005
黑龙江省,海林,54092,4.6000000000000005
新疆维吾尔自治区,乌鲁木齐,51463,4.6000000000000005
四川省,兴文,56496,4.6
陕西省,岐山,57024,4.6
陕西省,安康,57245,4.5
河南省,灵宝,57056,4.5
陕西省,临潼,57044,4.5
陕西省,宜川,53857,4.5
重庆市,巴南,57518,4.5
黑龙江省,海伦,50756,4.5
广东省,广宁,59271,4.5
黑龙江省,延寿,50965,4.5
黑龙江省,方正,50964,4.5
甘肃省,康县,57105,4.5
四川省,梓潼,57304,4.4
陕西省,宝鸡,57016,4.4
陕西省,眉县,57027,4.4
山西省,乡宁,53953,4.4
江西省,全南,59091,4.4
四川省,甘洛,56473,4.300000000000001
贵州省,赫章,56598,4.3
湖北省,竹山,57257,4.3
陕西省,大荔,57043,4.3
云南省,元谋,56763,4.2
四川省,自贡,56396,4.2
四川省,内江,57503,4.2
贵州省,石阡,57734,4.2
重庆市,垫江,57425,4.1000000000000005
湖南省,城步,57857,4.1000000000000005
江西省,黎川,58719,4.1
云南省,宜良,56880,4.1
陕西省,三原,57041,4.1
陕西省,乾县,57035,4.1
陕西省,扶风,57026,4.1
江西省,上饶县,58623,4.1
四川省,长宁,56593,4.0
山西省,吉县,53859,3.9000000000000004
黑龙江省,拜泉,50755,3.9
贵州省,平坝,57814,3.9
四川省,珙县,56499,3.9
重庆市,南川,57519,3.9
四川省,宣汉,57326,3.8000000000000003
广东省,阳春,59469,3.8000000000000003
云南省,太华山,56872,3.8000000000000003
山西省,临猗,53958,3.8000000000000003
浙江省,常山,58631,3.8000000000000003
山西省,闻喜,53967,3.8
甘肃省,两当,57111,3.7
重庆市,永川,57506,3.7
四川省,炉霍,56158,3.7
黑龙江省,庆安,50861,3.7
吉林省,白山,54371,3.7
陕西省,永寿,57030,3.6999999999999997
陕西省,澄城,53949,3.6999999999999997
贵州省,赤水,57609,3.6
浙江省,洞头,58760,3.6
陕西省,商南,57154,3.6
江西省,龙南,59092,3.6
陕西省,陈仓,57020,3.6
新疆维吾尔自治区,阜康,51377,3.6
新疆维吾尔自治区,沙湾,51357,3.5999999999999996
湖北省,保康,57361,3.5999999999999996
广西壮族自治区,柳州,59046,3.5
吉林省,永吉,54171,3.5
新疆维吾尔自治区,莫索湾,51353,3.5
重庆市,重庆,57516,3.5
陕西省,高陵,57040,3.5
四川省,北川,56194,3.5
陕西省,彬县,57023,3.5
陕西省,蒲城,53948,3.5
四川省,芦山,56279,3.5
重庆市,长寿,57520,3.5
山西省,芮城,57053,3.4000000000000004
广西壮族自治区,北流,59451,3.4000000000000004
四川省,木里,56459,3.4
湖北省,房县,57259,3.4
陕西省,凤翔,57025,3.4
江西省,玉山,58634,3.4
湖北省,谷城,57268,3.3000000000000003
四川省,叙永,57608,3.3
浙江省,绍兴,K4026,3.3
贵州省,毕节,57707,3.3
吉林省,靖宇,54276,3.3
广东省,中山,59485,3.2
四川省,平武,56193,3.2
黑龙江省,宁安,54098,3.2
黑龙江省,依安,50750,3.2
陕西省,泾阳,57033,3.1999999999999997
四川省,茂县,56180,3.1999999999999997
贵州省,龙里,57913,3.1999999999999997
浙江省,台州,58665,3.1999999999999997
广东省,乐昌,57988,3.1
四川省,富顺,56399,3.1
重庆市,巫溪,57345,3.1
江西省,乐安,58706,3.1
青海省,甘德,56045,3.1
吉林省,榆树,54072,3.0999999999999996
浙江省,文成,58750,3.0999999999999996
陕西省,耀县,57037,3.0
陕西省,合阳,53950,3.0
黑龙江省,木兰,50962,3.0
云南省,罗平,56891,3.0
吉林省,临江,54374,3.0
河南省,方城,57179,3.0
福建省,仙游,58936,3.0
四川省,都江堰,56188,3.0
贵州省,麻江,57828,2.9
山西省,稷山,53954,2.9
河南省,淅川,57261,2.9
黑龙江省,铁力,50862,2.9
甘肃省,宕昌,56095,2.9
广东省,廉江,59654,2.9
云南省,个旧,56984,2.8000000000000003
广东省,博罗,59297,2.8000000000000003
四川省,洪雅,56380,2.8
江西省,上犹,57991,2.8
江西省,赣州,57993,2.7
黑龙江省,宾县,50960,2.7
西藏自治区,措勤,55357,2.7
山西省,永济,57052,2.7
甘肃省,张家川,57012,2.7
四川省,红原,56173,2.7
云南省,文山,56994,2.7
云南省,马关,56995,2.7
贵州省,凯里,57825,2.6
江西省,大余,57994,2.6
湖南省,常宁,57874,2.6
广东省,高州,59653,2.6
新疆维吾尔自治区,白杨沟,51469,2.6
河南省,内乡,57169,2.6
贵州省,三穗,57832,2.6
四川省,夹江,56382,2.5
江西省,峡江,58704,2.5
四川省,丹棱,56381,2.5
西藏自治区,工布江达,56301,2.5
河南省,南召,57176,2.5
福建省,晋江,59137,2.5
浙江省,瑞安,58752,2.5
四川省,白玉,56147,2.5
云南省,盐津,56497,2.5
湖南省,新宁,57851,2.5
山西省,侯马,53963,2.5
新疆维吾尔自治区,昭苏,51437,2.5
贵州省,惠水,57912,2.5
黑龙江省,明水,50758,2.5
贵州省,湄潭,57722,2.5
广西壮族自治区,贺州,59065,2.4000000000000004
山西省,河津,53957,2.4
甘肃省,徽县,57110,2.4
四川省,开江,57329,2.4
四川省,荣县,56394,2.4
广西壮族自治区,柳城,59041,2.4
广西壮族自治区,金秀,59057,2.3000000000000003
重庆市,江津,57517,2.3000000000000003
云南省,绥江,56483,2.3
贵州省,桐梓,57606,2.3
四川省,松潘,56182,2.3
湖南省,东安,57867,2.3
吉林省,东丰,54261,2.3
陕西省,甘泉,53848,2.3
山西省,襄汾,53861,2.2
四川省,石渠,56038,2.2
浙江省,江山,58632,2.2
湖南省,衡南,57875,2.2
贵州省,威宁,56691,2.2
湖南省,衡阳市,57872,2.2
黑龙江省,克山,50658,2.2
贵州省,贵定,57824,2.2
黑龙江省,呼兰,50956,2.2
江西省,新干,58701,2.2
吉林省,敦化,54186,2.1
四川省,色达,56152,2.1
西藏自治区,当雄,55493,2.1
四川省,九龙,56462,2.1
重庆市,涪陵,57522,2.1
四川省,江安,57600,2.1
吉林省,吉林,54172,2.1
新疆维吾尔自治区,米泉,51369,2.1
云南省,姚安,56764,2.1
新疆维吾尔自治区,尼勒克,51433,2.0
山西省,垣曲,53968,2.0
吉林省,伊通,54164,2.0
湖北省,丹江口,57260,2.0
新疆维吾尔自治区,和丰,51156,2.0
黑龙江省,五常,54080,2.0
湖南省,新田,57971,2.0
贵州省,余庆,57729,2.0
吉林省,二道,54285,2.0
江西省,南康,57992,2.0
四川省,犍为,56389,2.0
广东省,化州,59655,2.0
山西省,新绛,53964,2.0
陕西省,千阳,57021,1.9000000000000001
贵州省,雷山,57837,1.9000000000000001
吉林省,珲春,54291,1.9000000000000001
贵州省,福泉,57821,1.9000000000000001
陕西省,旬阳,57242,1.9000000000000001
浙江省,天台,58559,1.9000000000000001
陕西省,山阳,57155,1.9000000000000001
陕西省,富平,57042,1.9000000000000001
四川省,屏山,56494,1.9
黑龙江省,塔河,50246,1.9
﻿福建省,闽清,58839,1.9
广西壮族自治区,全州,57960,1.9
陕西省,汉阴,57233,1.9
辽宁省,西丰,54252,1.8
云南省,威信,56596,1.8
贵州省,瓮安,57728,1.8
四川省,汉源,56376,1.8
黑龙江省,巴彦,50867,1.8
四川省,中江,56199,1.8
广西壮族自治区,荔浦,59055,1.8
云南省,弥勒,56885,1.8
四川省,简阳,56295,1.7999999999999998
河南省,镇平,57175,1.7999999999999998
贵州省,黎平,57839,1.7999999999999998
江西省,南丰,58718,1.7000000000000002
福建省,泉州,59132,1.7
云南省,牟定,56766,1.7
贵州省,望谟,57906,1.7
甘肃省,华亭,53927,1.7
黑龙江省,通河,50963,1.7
四川省,马边,56480,1.7
黑龙江省,望奎,50852,1.7
云南省,华宁,56879,1.6
湖南省,芷江,57745,1.6
广西壮族自治区,隆林,59001,1.6
吉林省,桦甸,54273,1.6
黑龙江省,哈尔滨,50953,1.6
福建省,邵武,58725,1.6
贵州省,万山,57742,1.6
湖北省,襄阳,57278,1.6
甘肃省,秦安,57002,1.6
甘肃省,镇原,53925,1.5999999999999999
山西省,绛县,53965,1.5999999999999999
江西省,瑞金,58903,1.5
四川省,邛崃,56284,1.5
新疆维吾尔自治区,精河,51334,1.5
吉林省,梅河口,54266,1.5
云南省,宣威,56697,1.5
西藏自治区,巴青,56114,1.5
河南省,邓州,57274,1.5
湖北省,南漳,57363,1.5
湖南省,攸县,57779,1.5
贵州省,白云,57911,1.5
湖南省,株洲,57780,1.5
广西壮族自治区,临桂,57954,1.5
青海省,称多,56034,1.5
黑龙江省,依兰,50877,1.5
四川省,绵竹,56186,1.5
江西省,吉水,58707,1.4000000000000001
江西省,新余,57796,1.4000000000000001
四川省,大邑,56285,1.4
四川省,泸州,57602,1.4
四川省,纳溪,57604,1.4
四川省,古蔺,57605,1.4
吉林省,蛟河,54181,1.4
甘肃省,甘谷,57001,1.4
山西省,曲沃,53961,1.4
广西壮族自治区,灌阳,57964,1.4
贵州省,盘县,56793,1.4
福建省,建宁,58822,1.3
广东省,台山,59478,1.3
西藏自治区,聂荣,55298,1.3
湖南省,南岳,57776,1.3
黑龙江省,新林,50349,1.3
山西省,运城,53959,1.3
﻿黑龙江省,木兰,50962,1.3
四川省,宝兴,56273,1.3
江西省,莲花,57789,1.2999999999999998
河南省,遂平县,57189,1.2000000000000002
黑龙江省,汤原,50871,1.2000000000000002
四川省,筠连,56498,1.2000000000000002
山西省,沁水,53970,1.2
贵州省,玉屏,57739,1.2
湖北省,宜城,57370,1.2
湖南省,怀化,57749,1.2
黑龙江省,肇东,50858,1.2
山西省,夏县,57060,1.2
湖北省,老河口,57265,1.2
贵州省,贵阳,57816,1.1
广东省,斗门,59487,1.1
青海省,班玛,56151,1.1
河南省,嵩县,57162,1.1
西藏自治区,索县,56106,1.1
四川省,南溪,56493,1.1
贵州省,修文,57811,1.1
西藏自治区,贡觉,56233,1.1
浙江省,玉环,58667,1.1
吉林省,磐石,54263,1.1
云南省,大姚,56761,1.0
吉林省,柳河,54267,1.0
吉林省,安图,54187,1.0
江西省,余江,58616,1.0
四川省,安县,56190,1.0
四川省,峨眉山,56385,1.0
贵州省,花溪,57914,1.0
河南省,驻马店市,57290,1.0
江西省,贵溪,58626,1.0
贵州省,清镇,57813,1.0
湖南省,冷水滩,57865,1.0
贵州省,开阳,57719,1.0
江西省,鹰潭,58627,0.9999999999999999
山西省,翼城,53962,0.9999999999999999
甘肃省,华池,53930,0.9
广西壮族自治区,昭平,59059,0.9
四川省,崇庆,56181,0.9
黑龙江省,双城,50955,0.9
河南省,鲁山,57173,0.9
贵州省,岑巩,57735,0.9
四川省,峨眉,56384,0.8999999999999999
黑龙江省,嫩江,50557,0.8
贵州省,乌当,57915,0.8
湖南省,衡阳县,57871,0.8
黑龙江省,尚志,50968,0.8
黑龙江省,阿城,50958,0.8
四川省,乐山,56386,0.8
云南省,大关,56582,0.8
吉林省,通化,54363,0.7999999999999999
黑龙江省,安达,50854,0.7999999999999999
浙江省,上虞,58553,0.7999999999999999
河南省,舞钢,57177,0.7000000000000001
江西省,横峰,58625,0.7000000000000001
河南省,洛宁县,57066,0.7000000000000001
甘肃省,天水,57006,0.7000000000000001
河南省,叶县,57184,0.7000000000000001
湖南省,邵阳县,57860,0.7
福建省,崇武,59133,0.7
新疆维吾尔自治区,炮台,51352,0.7
湖南省,新晃,57744,0.7
黑龙江省,兰西,50859,0.7
浙江省,三门,58568,0.7
江西省,崇仁,58710,0.7
甘肃省,清水,57011,0.7
新疆维吾尔自治区,轮台,51642,0.7
江西省,樟树,58608,0.6000000000000001
河南省,博爱县,53979,0.6000000000000001
黑龙江省,林甸,50749,0.6000000000000001
贵州省,汇川,57712,0.6000000000000001
江西省,宁都,58806,0.6000000000000001
重庆市,忠县,57437,0.6000000000000001
贵州省,黄平,57822,0.6000000000000001
西藏自治区,嘉黎,56202,0.6
河南省,唐河,57273,0.6
浙江省,磐安,58560,0.6
新疆维吾尔自治区,特克斯,51438,0.6
广西壮族自治区,涠洲,59647,0.6
河南省,舞阳县,57185,0.6
吉林省,辉南,54274,0.6
四川省,资阳,56298,0.6
湖南省,双牌,57962,0.6
福建省,泰宁,58820,0.6
甘肃省,成县,57102,0.6
河南省,西平县,57188,0.5
甘肃省,麦积,57014,0.5
安徽省,芜湖县,58338,0.5
云南省,嵩明,56785,0.5
甘肃省,文县,56192,0.5
云南省,红河,56975,0.5
重庆市,万州,57432,0.5
青海省,河南,56065,0.5
安徽省,临泉,58107,0.5
江西省,宜春,57793,0.5
吉林省,双阳,54165,0.5
河南省,宝丰,57181,0.4
河南省,上蔡县,57194,0.4
青海省,玛多,56033,0.4
青海省,玉树,56029,0.4
四川省,彭县,56189,0.4
青海省,格尔木,52818,0.4
青海省,杂多,56018,0.4
西藏自治区,江达,56136,0.4
青海省,天峻,52745,0.4
广西壮族自治区,西林,59004,0.4
河南省,新野,57271,0.4
四川省,宜宾,56492,0.4
河南省,汝南县,57197,0.4
河南省,泌阳县,57281,0.4
黑龙江省,呼中,50247,0.4
江西省,抚州,58617,0.4
新疆维吾尔自治区,博乐,51238,0.4
贵州省,江口,57736,0.4
西藏自治区,浪卡子,55681,0.4
四川省,什邡,56197,0.4
﻿广东省,连平,59096,0.4
四川省,井研,56390,0.4
江西省,抚州,58619,0.4
吉林省,扶余,54063,0.39999999999999997
四川省,高县,56592,0.39999999999999997
西藏自治区,比如,56109,0.39999999999999997
江西省,安福,57798,0.30000000000000004
贵州省,台江,57834,0.30000000000000004
辽宁省,清原,54259,0.30000000000000004
江西省,芦溪,57794,0.30000000000000004
河南省,平舆县,57292,0.30000000000000004
江西省,崇义,57990,0.30000000000000004
江西省,上栗,57783,0.30000000000000004
四川省,新龙,56251,0.30000000000000004
河南省,平顶山,57171,0.30000000000000004
湖北省,兴山,57359,0.30000000000000004
四川省,峨边,56387,0.30000000000000004
四川省,眉山,56391,0.30000000000000004
河南省,南阳市,57178,0.30000000000000004
吉林省,前郭,50949,0.30000000000000004
河南省,新蔡县,57293,0.30000000000000004
广西壮族自治区,那坡,59209,0.30000000000000004
黑龙江省,青冈,50851,0.30000000000000004
山西省,浮山,53966,0.30000000000000004
江西省,广昌,58813,0.30000000000000004
河南省,三门峡,57051,0.30000000000000004
贵州省,铜仁,57741,0.3
四川省,理县,56184,0.3
四川省,温江,56187,0.3
浙江省,平湖,58464,0.3
四川省,龙泉驿,56286,0.3
四川省,成都,56294,0.3
吉林省,长春,54161,0.3
湖南省,浏阳,57688,0.3
云南省,富源,56790,0.3
西藏自治区,安多,55294,0.3
四川省,德阳,56198,0.2
河南省,济源,53978,0.2
云南省,新平,56869,0.2
﻿贵州省,望谟,57906,0.2
四川省,宜宾县,56491,0.2
河南省,武陟县,53987,0.2
云南省,彝良,56594,0.2
河南省,汝阳县,57078,0.2
贵州省,遵义县,57717,0.2
西藏自治区,贡噶,55589,0.2
山西省,平陆,57061,0.2
贵州省,遵义,57713,0.2
海南省,三亚,59948,0.2
广西壮族自治区,龙胜,57942,0.2
吉林省,德惠,54065,0.2
浙江省,余姚,58468,0.2
安徽省,舒城,58316,0.2
湖北省,巴东,57355,0.2
黑龙江省,富裕,50742,0.2
云南省,富宁,59205,0.2
贵州省,绥阳,57720,0.2
内蒙古自治区,鄂伦春旗,50445,0.2
江西省,萍乡,57786,0.2
湖南省,炎陵,57886,0.2
安徽省,阜南,58202,0.2
湖北省,钟祥,57378,0.2
﻿重庆市,长寿,57520,0.2
吉林省,集安,54377,0.2
黑龙江省,讷河,50646,0.2
宁夏回族自治区,泾源,53916,0.2
四川省,罗江,56191,0.2
安徽省,界首,58108,0.2
山西省,阳城,53975,0.2
湖南省,衡山,57777,0.2
四川省,郫县,56272,0.2
河南省,襄城,57182,0.1
江西省,金溪,58712,0.1
西藏自治区,错那,55690,0.1
贵州省,锦屏,57844,0.1
江西省,宜丰,57696,0.1
重庆市,开县,57338,0.1
四川省,彭山,56289,0.1
辽宁省,昌图,54243,0.1
四川省,新津,56276,0.1
新疆维吾尔自治区,新源,51436,0.1
河南省,确山县,57294,0.1
陕西省,延安,53845,0.1
吉林省,和龙,54286,0.1
辽宁省,新宾,54353,0.1
安徽省,阜阳,58203,0.1
甘肃省,礼县,57007,0.1
新疆维吾尔自治区,温泉,51330,0.1
西藏自治区,丁青,56116,0.1
四川省,金堂,56296,0.1
四川省,阿坝,56171,0.1
贵州省,施秉,57737,0.1
安徽省,黄山风景区,58437,0.1
四川省,德格,56144,0.1
辽宁省,大石桥,54475,0.1
安徽省,霍山,58314,0.1
江西省,东乡,58618,0.1
四川省,广汉,56291,0.1
西藏自治区,桑日,55599,0.1
四川省,青神,56383,0.1
贵州省,凤冈,57723,0.1
辽宁省,开原,54254,0.1
新疆维吾尔自治区,青河,51186,0.1
江苏省,泰州,58246,0.1
吉林省,九台,54069,0.1
安徽省,蚌埠,58221,0.1
广东省,罗定,59462,0.1
安徽省,利辛,58117,0.1
安徽省,太和,58109,0.1
广西壮族自治区,钟山,59064,0.1
广西壮族自治区,阳朔,59051,0.1
青海省,玛沁,56043,0.1
湖南省,醴陵,57781,0.1
上海市,崇明,58366,0.1
广东省,清远,59280,0.1
甘肃省,崆峒,53915,0.1
湖南省,桂东,57889,0.1
黑龙江省,呼玛,50353,0.1
黑龙江省,肇州,50950,0.1
甘肃省,庄浪,53917,0.1
广西壮族自治区,兴安,57955,0.1
湖南省,临武,57978,0.1
湖南省,汝城,57985,0.1
海南省,文昌,59856,0.1
湖南省,武冈,57853,0.1
湖南省,桃源,57661,0.0
宁夏回族自治区,贺兰,53610,0.0
宁夏回族自治区,西吉,53903,0.0
湖南省,慈利,57564,0.0
湖南省,张家界,57558,0.0
西藏自治区,尼玛,55361,0.0
西藏自治区,岗巴,55677,0.0
湖南省,永顺,57643,0.0
湖南省,平江,57682,0.0
湖南省,汉寿,57663,0.0
吉林省,洮南,50939,0.0
湖南省,常德,57662,0.0
湖南省,岳阳,57584,0.0
西藏自治区,尼木,55585,0.0
宁夏回族自治区,银川,53614,0.0
吉林省,白城,50936,0.0
西藏自治区,左贡,56331,0.0
吉林省,双辽,54142,0.0
湖南省,安化,57669,0.0
西藏自治区,帕里,55773,0.0
西藏自治区,康马,55676,0.0
宁夏回族自治区,陶乐,53615,0.0
湖南省,安乡,57577,0.0
湖南省,江华,59063,0.0
湖南省,新化,57761,0.0
西藏自治区,察雅,56235,0.0
吉林省,四平,54157,0.0
西藏自治区,堆龙德庆,55594,0.0
湖南省,桃江,57666,0.0
西藏自治区,仁布,55587,0.0
吉林省,大安,50945,0.0
西藏自治区,仲巴,55542,0.0
湖南省,桑植,57554,0.0
西藏自治区,八宿,56228,0.0
西藏自治区,南木林,55572,0.0
宁夏回族自治区,永宁,53618,0.0
西藏自治区,双湖,55178,0.0
西藏自治区,吉隆,55650,0.0
吉林省,松原,50946,0.0
西藏自治区,墨竹贡卡,55593,0.0
宁夏回族自治区,盐池,53723,0.0
湖南省,永州,57866,0.0
西藏自治区,墨脱,56319,0.0
宁夏回族自治区,海原,53806,0.0
湖南省,宁乡,57678,0.0
吉林省,梨树,54154,0.0
湖南省,望城区,P5600,0.0
西藏自治区,定日,55664,0.0
湖南省,新邵,57768,0.0
西藏自治区,定结,55666,0.0
西藏自治区,察隅,56434,0.0
宁夏回族自治区,灵武,53619,0.0
宁夏回族自治区,隆德,53914,0.0
西藏自治区,拉萨,55591,0.0
西藏自治区,扎囊,55691,0.0
西藏自治区,泽当,55598,0.0
西藏自治区,洛隆,56223,0.0
安徽省,九华,58423,0.0
湖北省,黄陂,57491,0.0
西藏自治区,狮泉河,55228,0.0
湖北省,黄石,58407,0.0
西藏自治区,班戈,55279,0.0
西藏自治区,琼结,55597,0.0
西藏自治区,申扎,55472,0.0
西藏自治区,白朗,55579,0.0
西藏自治区,米林,56317,0.0
湖北省,黄梅,58409,0.0
西藏自治区,类乌齐,56128,0.0
湖北省,黄冈,57498,0.0
西藏自治区,聂拉木,55655,0.0
吉林省,公主岭,54156,0.0
湖北省,麻城,57399,0.0
西藏自治区,芒康,56342,0.0
西藏自治区,萨嘎,55554,0.0
西藏自治区,萨迦,55670,0.0
西藏自治区,谢通门,55574,0.0
湖北省,鹤峰,57543,0.0
湖北省,随州,57381,0.0
湖北省,阳新,58500,0.0
西藏自治区,边坝,56211,0.0
西藏自治区,达孜,55595,0.0
西藏自治区,那曲,55299,0.0
湖北省,长阳,57464,0.0
湖北省,鄂州,57496,0.0
西藏自治区,隆子,55696,0.0
西藏自治区,洛扎,55686,0.0
西藏自治区,波密,56227,0.0
西藏自治区,拉孜,55569,0.0
湖南省,临湘,57585,0.0
湖南省,娄底,57763,0.0
吉林省,农安,54064,0.0
西藏自治区,措美,55694,0.0
西藏自治区,改则,55248,0.0
西藏自治区,日喀则,55578,0.0
宁夏回族自治区,青铜峡,53617,0.0
西藏自治区,日土,55125,0.0
安徽省,东至,58419,0.0
湖南省,吉首,57649,0.0
西藏自治区,昂仁,55568,0.0
湖南省,古丈,57646,0.0
湖南省,双峰,57774,0.0
西藏自治区,昌都,56137,0.0
西藏自治区,普兰,55437,0.0
湖南省,南县,57574,0.0
西藏自治区,曲松,55693,0.0
湖南省,华容,57575,0.0
湖南省,凤凰,57740,0.0
湖南省,冷水江,57760,0.0
西藏自治区,曲水,55586,0.0
西藏自治区,朗县,56308,0.0
湖南省,保靖,57642,0.0
西藏自治区,札达,55325,0.0
西藏自治区,林周,55590,0.0
西藏自治区,林芝,56312,0.0
湖南省,会同,57842,0.0
西藏自治区,樟木,55652,0.0
湖南省,临澧,57566,0.0
西藏自治区,江孜,55680,0.0
湖南省,江永,57969,0.0
吉林省,通榆,54041,0.0
湖南省,汨罗,57680,0.0
甘肃省,临泽,52557,0.0
天津市,津南,54622,0.0
甘肃省,安定,52995,0.0
甘肃省,肃北,52515,0.0
甘肃省,肃南,52643,0.0
甘肃省,舟曲,56094,0.0
甘肃省,西和,57008,0.0
天津市,滨海新区,54623,0.0
甘肃省,迭部,56084,0.0
甘肃省,天祝,52881,0.0
甘肃省,通渭,53908,0.0
甘肃省,夏河,52978,0.0
甘肃省,嘉峪关,52532,0.0
甘肃省,酒泉,52533,0.0
甘肃省,金塔,52447,0.0
甘肃省,金昌,52675,0.0
甘肃省,和政,52985,0.0
天津市,蓟县,54428,0.0
四川省,雅江,56267,0.0
甘肃省,合作,56080,0.0
甘肃省,陇西,56092,0.0
甘肃省,靖远,52895,0.0
甘肃省,静宁,53906,0.0
甘肃省,高台,52546,0.0
甘肃省,古浪,52784,0.0
甘肃省,卓尼,56082,0.0
天津市,西青,54527,0.0
甘肃省,兰州,52889,0.0
甘肃省,会宁,52993,0.0
甘肃省,临潭,56081,0.0
甘肃省,山丹,52661,0.0
甘肃省,岷县,56093,0.0
甘肃省,碌曲,56071,0.0
天津市,北辰,54528,0.0
甘肃省,榆中,52983,0.0
天津市,大港,54645,0.0
甘肃省,武威,52679,0.0
甘肃省,敦煌,52418,0.0
甘肃省,武山,57004,0.0
甘肃省,武都,56096,0.0
甘肃省,民乐,52656,0.0
天津市,天津,54517,0.0
甘肃省,民勤,52681,0.0
甘肃省,永昌,52674,0.0
甘肃省,张掖,52652,0.0
甘肃省,永登,52885,0.0
甘肃省,永靖,52980,0.0
天津市,宁河,54529,0.0
甘肃省,皋兰,52884,0.0
天津市,宝坻,54525,0.0
甘肃省,康乐,52988,0.0
甘肃省,渭源,52998,0.0
甘肃省,漳县,56091,0.0
天津市,东丽,54526,0.0
天津市,武清,54523,0.0
西藏自治区,革吉,55234,0.0
甘肃省,玛曲,56074,0.0
甘肃省,环县,53821,0.0
甘肃省,瓜州,52424,0.0
甘肃省,广河,52982,0.0
天津市,汉沽,54530,0.0
甘肃省,白银,52896,0.0
甘肃省,临洮,52986,0.0
甘肃省,临夏,52984,0.0
吉林省,辽源,54260,0.0
四川省,若尔盖,56079,0.0
湖南省,花垣,57640,0.0
宁夏回族自治区,惠农,53519,0.0
湖南省,绥宁,57846,0.0
湖南省,祁阳,57868,0.0
湖南省,祁东,57870,0.0
湖南省,石门,57562,0.0
湖南省,益阳,57674,0.0
四川省,小金,56178,0.0
湖南省,澧县,57565,0.0
湖南省,溆浦,57752,0.0
湖南省,湘阴,57673,0.0
四川省,双流,56288,0.0
四川省,南坪,56097,0.0
湖南省,湘潭,57773,0.0
湖南省,湘江新区,57687,0.0
四川省,仁寿,56297,0.0
湖南省,湘乡,57772,0.0
湖南省,涟源,57762,0.0
湖南省,洪江,57754,0.0
四川省,乡城,56443,0.0
湖南省,洞口,57758,0.0
四川省,丹巴,56263,0.0
湖南省,泸溪,57657,0.0
湖南省,沅陵,57655,0.0
吉林省,长岭,54049,0.0
吉林省,镇赉,50940,0.0
甘肃省,景泰,52797,0.0
吉林省,通化县,54362,0.0
湖南省,沅江,57671,0.0
宁夏回族自治区,彭阳,53913,0.0
宁夏回族自治区,平罗,53611,0.0
四川省,巴塘,56247,0.0
四川省,泸定,56371,0.0
天津市,静海,54619,0.0
四川省,绵阳,56196,0.0
甘肃省,东乡,52981,0.0
四川省,稻城,56357,0.0
四川省,石棉,56378,0.0
湖南省,龙山,57544,0.0
湖南省,麻阳,57743,0.0
湖南省,韶山,57771,0.0
四川省,理塘,56257,0.0
湖南省,靖州,57841,0.0
湖南省,隆回,57767,0.0
湖南省,长沙县,P5599,0.0
湖南省,长沙,57679,0.0
四川省,江油,56195,0.0
宁夏回族自治区,大武口,53518,0.0
四川省,新都,56290,0.0
宁夏回族自治区,中卫,53704,0.0
湖南省,邵阳市,57766,0.0
湖南省,邵东,57769,0.0
宁夏回族自治区,中宁,53705,0.0
湖南省,通道,57845,0.0
湖南省,辰溪,57658,0.0
四川省,得荣,56441,0.0
宁夏回族自治区,同心,53810,0.0
宁夏回族自治区,吴忠,53612,0.0
宁夏回族自治区,固原,53817,0.0
湖南省,衡东,57778,0.0
四川省,康定,56374,0.0
甘肃省,玉门,52436,0.0
山西省,襄垣,53884,0.0
吉林省,乾安,50948,0.0
青海省,同仁,52974,0.0
云南省,盈江,56836,0.0
青海省,德令哈,52737,0.0
青海省,循化,52972,0.0
青海省,平安,52875,0.0
青海省,尖扎,52963,0.0
青海省,大通,52862,0.0
青海省,大柴旦,52713,0.0
青海省,囊谦,56125,0.0
青海省,同德,52957,0.0
青海省,化隆,52877,0.0
云南省,瑞丽,56838,0.0
青海省,刚察,52754,0.0
青海省,冷湖,52602,0.0
青海省,兴海,52943,0.0
青海省,共和,52856,0.0
青海省,互助,52863,0.0
青海省,乐都,52874,0.0
青海省,乌兰,52833,0.0
青海省,久治,56067,0.0
云南省,石林,56881,0.0
青海省,民和,52876,0.0
青海省,泽库,52968,0.0
云南省,福贡,56641,0.0
青海省,都兰,52836,0.0
云南省,永平,56746,0.0
云南省,永德,56849,0.0
云南省,永胜,56652,0.0
云南省,江城,56977,0.0
云南省,沧源,56944,0.0
云南省,泸水,56643,0.0
云南省,泸西,56886,0.0
云南省,洱源,56649,0.0
青海省,门源,52765,0.0
云南省,漾濞,56745,0.0
青海省,海晏,52853,0.0
青海省,贵德,52868,0.0
青海省,贵南,52955,0.0
青海省,西宁,52866,0.0
青海省,茫崖,51886,0.0
云南省,潞西,56844,0.0
青海省,祁连,52657,0.0
云南省,澜沧,56954,0.0
青海省,湟源,52855,0.0
青海省,湟中,52869,0.0
云南省,祥云,56756,0.0
云南省,维西,56548,0.0
北京市,顺义,54398,0.0
内蒙古自治区,伊克乌素,53522,0.0
内蒙古自治区,乌拉特中旗,53336,0.0
内蒙古自治区,乌拉特前旗,53433,0.0
内蒙古自治区,乌拉特后旗,53324,0.0
内蒙古自治区,乌拉盖,50913,0.0
陕西省,清涧,53757,0.0
内蒙古自治区,乌斯太,52607,0.0
内蒙古自治区,乌海,53512,0.0
内蒙古自治区,二连浩特,53068,0.0
内蒙古自治区,五原,53337,0.0
内蒙古自治区,伊金霍洛旗,53545,0.0
内蒙古自治区,乌审召,53547,0.0
内蒙古自治区,克什克腾旗,54117,0.0
内蒙古自治区,八里罕,54316,0.0
内蒙古自治区,兴和,53483,0.0
陕西省,横山,53740,0.0
陕西省,榆林,53646,0.0
内蒙古自治区,准格尔旗,53553,0.0
内蒙古自治区,凉城,53475,0.0
内蒙古自治区,包头,53446,0.0
内蒙古自治区,化德,53391,0.0
内蒙古自治区,乌审旗,53644,0.0
内蒙古自治区,乌兰浩特,50838,0.0
陕西省,靖边,53735,0.0
云南省,陇川,56835,0.0
云南省,绿春,56978,0.0
云南省,耿马,56946,0.0
云南省,腾冲,56739,0.0
云南省,蒙自,56985,0.0
云南省,西盟,56948,0.0
云南省,贡山,56533,0.0
云南省,镇康,56839,0.0
云南省,镇沅,56867,0.0
云南省,陆良,56788,0.0
云南省,香格里拉,56543,0.0
内蒙古自治区,临河,53513,0.0
云南省,鲁甸,56585,0.0
云南省,鹤庆,56654,0.0
陕西省,绥德,53754,0.0
云南省,龙陵,56841,0.0
陕西省,米脂,53750,0.0
陕西省,神木,53651,0.0
内蒙古自治区,东乌珠穆沁旗,50915,0.0
内蒙古自治区,东胜,53543,0.0
内蒙古自治区,丰镇,53484,0.0
云南省,楚雄,56768,0.0
云南省,梁河,56840,0.0
云南省,景谷,56952,0.0
﻿安徽省,铜陵,58429,0.0
﻿新疆维吾尔自治区,英吉沙,51802,0.0
﻿新疆维吾尔自治区,巩留,51435,0.0
上海市,奉贤,58463,0.0
上海市,宝山,58362,0.0
﻿广东省,佛冈,59087,0.0
﻿山西省,和顺,53788,0.0
﻿山西省,五寨,53663,0.0
﻿山东省,昌邑,54841,0.0
﻿山东省,平阴,54818,0.0
﻿安徽省,望江,58418,0.0
﻿江苏省,高邮,58241,0.0
﻿宁夏回族自治区,灵武,53619,0.0
﻿四川省,理塘,56257,0.0
﻿四川省,泸州,57602,0.0
﻿四川省,万源,57237,0.0
﻿吉林省,洮南,50939,0.0
﻿内蒙古自治区,满洲里,50514,0.0
﻿内蒙古自治区,八里罕,54316,0.0
﻿云南省,洱源,56649,0.0
﻿云南省,曲靖,56786,0.0
﻿江苏省,新沂,58035,0.0
﻿江西省,新余,57796,0.0
云南省,景洪,56959,0.0
﻿甘肃省,徽县,57110,0.0
﻿青海省,德令哈,52737,0.0
﻿陕西省,杨凌,57123,0.0
﻿陕西省,富平,57042,0.0
﻿辽宁省,鞍山,54339,0.0
﻿辽宁省,彰武,54236,0.0
﻿贵州省,册亨,57909,0.0
﻿西藏自治区,那曲,55299,0.0
﻿西藏自治区,尼木,55585,0.0
上海市,嘉定,58365,0.0
﻿湖南省,衡阳市,57872,0.0
﻿江西省,泰和,57899,0.0
﻿湖南省,临湘,57585,0.0
﻿湖北省,公安,57477,0.0
﻿浙江省,江山,58632,0.0
﻿河南省,虞城,58006,0.0
﻿河南省,民权,58004,0.0
﻿河南省,安阳市,53898,0.0
﻿河北省,赤城,54404,0.0
﻿河北省,徐水,54601,0.0
﻿河北省,孟村,54644,0.0
黑龙江省,龙江,50739,0.0
黑龙江省,齐齐哈尔,50745,0.0
上海市,松江,58462,0.0
云南省,广南,59007,0.0
黑龙江省,杜蒙,50842,0.0
云南省,双江,56950,0.0
云南省,墨江,56962,0.0
云南省,大理,56751,0.0
云南省,孟连,56949,0.0
云南省,宁洱,56961,0.0
云南省,宾川,56752,0.0
云南省,寻甸,56781,0.0
云南省,巍山,56757,0.0
云南省,开远,56982,0.0
上海市,浦东,58370,0.0
云南省,弥渡,56755,0.0
黑龙江省,大庆,50850,0.0
云南省,德钦,56444,0.0
云南省,思茅,56964,0.0
云南省,施甸,56842,0.0
云南省,昌宁,56843,0.0
云南省,昭通,56586,0.0
云南省,景东,56856,0.0
黑龙江省,加格达奇,50442,0.0
云南省,双柏,56862,0.0
云南省,南涧,56851,0.0
云南省,南华,56767,0.0
黑龙江省,泰来,50844,0.0
上海市,金山,58460,0.0
上海市,闵行,58361,0.0
上海市,青浦,58461,0.0
云南省,东川,56688,0.0
云南省,临沧,56951,0.0
云南省,丽江,56651,0.0
云南省,云县,56854,0.0
云南省,云龙,56742,0.0
黑龙江省,肇源,50954,0.0
云南省,保山,56748,0.0
云南省,元江,56966,0.0
云南省,元阳,56976,0.0
云南省,兰坪,56645,0.0
云南省,凤庆,56846,0.0
黑龙江省,甘南,50741,0.0
云南省,剑川,56646,0.0
黑龙江省,漠河,50136,0.0
云南省,勐海,56958,0.0
云南省,勐腊,56969,0.0
内蒙古自治区,卓资,53472,0.0
内蒙古自治区,博克图,50632,0.0
陕西省,志丹,53832,0.0
内蒙古自治区,胡尔勒,50832,0.0
辽宁省,兴城,54455,0.0
辽宁省,义县,54334,0.0
辽宁省,丹东,54497,0.0
辽宁省,东港,54590,0.0
内蒙古自治区,科尔沁左翼中旗,54047,0.0
内蒙古自治区,科尔沁左翼后旗,54231,0.0
内蒙古自治区,突泉,50934,0.0
内蒙古自治区,索伦,50834,0.0
内蒙古自治区,翁牛特旗,54213,0.0
贵州省,镇远,57738,0.0
辽宁省,凌源,54327,0.0
内蒙古自治区,舍伯吐,54039,0.0
内蒙古自治区,苏尼特右旗,53272,0.0
贵州省,都匀,57827,0.0
贵州省,道真,57623,0.0
内蒙古自治区,苏尼特左旗,53195,0.0
内蒙古自治区,莫力达瓦旗,50645,0.0
内蒙古自治区,西乌珠穆沁旗,54012,0.0
内蒙古自治区,赤峰,54218,0.0
内蒙古自治区,达尔罕茂明安联合旗,53352,0.0
辽宁省,凌海,54330,0.0
辽宁省,凤城,54494,0.0
辽宁省,海城,54472,0.0
辽宁省,彰武,54236,0.0
辽宁省,沈阳,54342,0.0
辽宁省,桓仁,54365,0.0
辽宁省,本溪县,54349,0.0
辽宁省,本溪,54346,0.0
辽宁省,朝阳,54324,0.0
辽宁省,普兰店,54569,0.0
辽宁省,旅顺,54660,0.0
辽宁省,新民,54333,0.0
辽宁省,抚顺,54351,0.0
辽宁省,建昌,54452,0.0
辽宁省,北票,54323,0.0
辽宁省,建平,54326,0.0
辽宁省,康平,54244,0.0
辽宁省,庄河,54584,0.0
辽宁省,岫岩,54486,0.0
辽宁省,宽甸,54493,0.0
辽宁省,大连,54662,0.0
辽宁省,喀左,54328,0.0
辽宁省,台安,54336,0.0
辽宁省,北镇,54331,0.0
内蒙古自治区,达拉特旗,53457,0.0
内蒙古自治区,通辽,54135,0.0
内蒙古自治区,那仁宝力格,53083,0.0
北京市,密云,54416,0.0
内蒙古自治区,额济纳旗,52267,0.0
内蒙古自治区,高力板,54031,0.0
北京市,丰台,54514,0.0
北京市,北京,54511,0.0
贵州省,天柱,57840,0.0
北京市,大兴,54594,0.0
贵州省,印江,57732,0.0
贵州省,务川,57634,0.0
贵州省,剑河,57835,0.0
北京市,平谷,54424,0.0
内蒙古自治区,鄂托克前旗,53730,0.0
北京市,延庆,54406,0.0
北京市,怀柔,54419,0.0
北京市,房山,54596,0.0
北京市,昌平,54499,0.0
北京市,朝阳,54433,0.0
北京市,海淀,54399,0.0
北京市,石景山,54513,0.0
北京市,通州,54431,0.0
北京市,门头沟,54505,0.0
内蒙古自治区,额尔古纳,50425,0.0
贵州省,德江,57637,0.0
贵州省,思南,57731,0.0
贵州省,息烽,57718,0.0
内蒙古自治区,鄂托克旗,53529,0.0
内蒙古自治区,鄂温克旗,50525,0.0
内蒙古自治区,锡林浩特,54102,0.0
内蒙古自治区,镶黄旗,53289,0.0
安徽省,亳州,58102,0.0
内蒙古自治区,阿尔山,50727,0.0
内蒙古自治区,阿巴嘎旗,53192,0.0
贵州省,沿河,57636,0.0
内蒙古自治区,阿拉善右旗,52576,0.0
内蒙古自治区,阿拉善左旗,53602,0.0
贵州省,正安,57625,0.0
内蒙古自治区,阿荣旗,50647,0.0
内蒙古自治区,阿鲁科尔沁旗,54122,0.0
贵州省,松桃,57647,0.0
内蒙古自治区,陈巴尔虎旗,50524,0.0
内蒙古自治区,雅布赖,52575,0.0
内蒙古自治区,集宁,53480,0.0
内蒙古自治区,霍林郭勒,50924,0.0
内蒙古自治区,青龙山,54132,0.0
辽宁省,法库,54245,0.0
辽宁省,灯塔,54348,0.0
内蒙古自治区,吉兰太,53502,0.0
内蒙古自治区,巴雅尔吐胡硕,50928,0.0
内蒙古自治区,察哈尔右翼前旗,53481,0.0
内蒙古自治区,察哈尔右翼后旗,53384,0.0
陕西省,吴旗,53738,0.0
陕西省,吴堡,53756,0.0
内蒙古自治区,小二沟,50548,0.0
内蒙古自治区,岗子,54214,0.0
内蒙古自治区,巴彦诺尔贡,52495,0.0
内蒙古自治区,巴林右旗,54113,0.0
内蒙古自治区,巴林左旗,54027,0.0
内蒙古自治区,希拉穆仁,53367,0.0
内蒙古自治区,宝过图,54226,0.0
内蒙古自治区,库伦旗,54234,0.0
内蒙古自治区,开鲁,54134,0.0
陕西省,佳县,53658,0.0
内蒙古自治区,扎兰屯,50639,0.0
内蒙古自治区,扎赉特旗,50833,0.0
内蒙古自治区,扎鲁特旗,54026,0.0
内蒙古自治区,托克托,53467,0.0
内蒙古自治区,拐子湖,52378,0.0
重庆市,黔江,57536,0.0
内蒙古自治区,察哈尔右翼中旗,53378,0.0
内蒙古自治区,宁城,54320,0.0
辽宁省,瓦房店,54563,0.0
内蒙古自治区,图里河,50434,0.0
陕西省,延长,53854,0.0
陕西省,延川,53850,0.0
陕西省,府谷,53567,0.0
内蒙古自治区,呼和浩特,53463,0.0
内蒙古自治区,呼和浩特市郊区,53466,0.0
内蒙古自治区,和林格尔,53469,0.0
内蒙古自治区,喀喇沁旗,54313,0.0
内蒙古自治区,四子王旗,53362,0.0
内蒙古自治区,固阳,53357,0.0
内蒙古自治区,土默特右旗,53455,0.0
内蒙古自治区,孪井滩,53505,0.0
内蒙古自治区,土默特左旗,53464,0.0
陕西省,定边,53725,0.0
内蒙古自治区,多伦,54208,0.0
陕西省,安塞,53841,0.0
内蒙古自治区,大佘太,53348,0.0
内蒙古自治区,太仆寺旗,54305,0.0
陕西省,子长,53748,0.0
陕西省,子洲,53751,0.0
内蒙古自治区,奈曼旗,54223,0.0
内蒙古自治区,敖汉旗,54225,0.0
内蒙古自治区,新巴尔虎右旗,50603,0.0
内蒙古自治区,新巴尔虎左旗,50618,0.0
辽宁省,金州,54568,0.0
重庆市,云阳,57339,0.0
重庆市,丰都,57523,0.0
内蒙古自治区,磴口,53419,0.0
辽宁省,黑山,54335,0.0
辽宁省,鞍山,54339,0.0
辽宁省,阜新,54237,0.0
辽宁省,长海,54579,0.0
辽宁省,锦州,54337,0.0
辽宁省,铁岭,54249,0.0
辽宁省,辽阳县,54345,0.0
重庆市,酉阳,57633,0.0
辽宁省,辽阳,54347,0.0
辽宁省,辽中,54332,0.0
内蒙古自治区,科尔沁右翼中旗,50937,0.0
辽宁省,葫芦岛,54453,0.0
辽宁省,营口,54471,0.0
辽宁省,绥中,54454,0.0
辽宁省,盘锦,54470,0.0
辽宁省,盘山,54338,0.0
辽宁省,盖州,54474,0.0
内蒙古自治区,白云鄂博,53343,0.0
内蒙古自治区,牙克石,50526,0.0
内蒙古自治区,满都拉,53149,0.0
内蒙古自治区,满洲里,50514,0.0
内蒙古自治区,朱日和,53276,0.0
内蒙古自治区,杭锦后旗,53420,0.0
重庆市,秀山,57635,0.0
重庆市,石柱,57438,0.0
内蒙古自治区,杭锦旗,53533,0.0
内蒙古自治区,林西,54115,0.0
内蒙古自治区,根河,50431,0.0
内蒙古自治区,正兰旗,54205,0.0
内蒙古自治区,正镶白旗,54204,0.0
内蒙古自治区,武川,53368,0.0
重庆市,武隆,57525,0.0
内蒙古自治区,河南,53732,0.0
重庆市,彭水,57537,0.0
内蒙古自治区,浩尔吐,54024,0.0
内蒙古自治区,海力素,53231,0.0
重庆市,巫山,57349,0.0
重庆市,奉节,57348,0.0
内蒙古自治区,海拉尔,50527,0.0
内蒙古自治区,清水河,53562,0.0
安徽省,五河,58129,0.0
湖北省,夷陵,57453,0.0
湖北省,通山,57595,0.0
山东省,巨野,54914,0.0
新疆维吾尔自治区,麦盖提,51810,0.0
新疆维吾尔自治区,额敏,51145,0.0
新疆维吾尔自治区,霍尔果斯,51328,0.0
新疆维吾尔自治区,霍城,51329,0.0
新疆维吾尔自治区,阿瓦提,51722,0.0
新疆维吾尔自治区,阿拉山口,51232,0.0
新疆维吾尔自治区,阿拉尔,51730,0.0
新疆维吾尔自治区,阿图什,51704,0.0
新疆维吾尔自治区,阿合奇,51711,0.0
新疆维吾尔自治区,阿勒泰,51076,0.0
新疆维吾尔自治区,阿克陶,51708,0.0
新疆维吾尔自治区,阿克苏,51628,0.0
山东省,峄城,58022,0.0
新疆维吾尔自治区,铁干里克,51765,0.0
新疆维吾尔自治区,鄯善,51581,0.0
新疆维吾尔自治区,达坂城,51477,0.0
新疆维吾尔自治区,裕民,51137,0.0
新疆维吾尔自治区,蔡家湖,51365,0.0
山东省,崂山,54853,0.0
新疆维吾尔自治区,莎车,51811,0.0
新疆维吾尔自治区,英吉沙,51802,0.0
江苏省,东台,58251,0.0
江苏省,东海,58036,0.0
江苏省,丰县,58012,0.0
江苏省,太仓,58377,0.0
江苏省,常熟,58352,0.0
江苏省,常州,58343,0.0
江苏省,射阳,58150,0.0
江苏省,宿迁,58131,0.0
江苏省,宝应,58148,0.0
江苏省,宜兴,58346,0.0
江苏省,姜堰,58250,0.0
江苏省,如皋,58255,0.0
江苏省,如东,58264,0.0
江苏省,大丰,58158,0.0
江苏省,丹阳,58341,0.0
江苏省,响水,58045,0.0
江苏省,吴江,58359,0.0
江苏省,启东,58269,0.0
江苏省,句容,58344,0.0
江苏省,南通,58259,0.0
江苏省,南京,58238,0.0
江苏省,兴化,58243,0.0
江苏省,六合,58235,0.0
江苏省,仪征,58242,0.0
新疆维吾尔自治区,若羌,51777,0.0
山东省,平原,54718,0.0
山东省,东营,54736,0.0
新疆维吾尔自治区,策勒,51826,0.0
新疆维吾尔自治区,巴里坤,52101,0.0
新疆维吾尔自治区,巴楚,51716,0.0
新疆维吾尔自治区,巴仑台,51467,0.0
新疆维吾尔自治区,巩留,51435,0.0
新疆维吾尔自治区,岳普湖,51717,0.0
山东省,德州,54714,0.0
山东省,惠民,54725,0.0
新疆维吾尔自治区,尉犁,51655,0.0
新疆维吾尔自治区,察布查尔,51430,0.0
新疆维吾尔自治区,富蕴,51087,0.0
新疆维吾尔自治区,奇台,51379,0.0
山东省,成山头,54776,0.0
新疆维吾尔自治区,墨玉,51827,0.0
新疆维吾尔自治区,塔城,51133,0.0
新疆维吾尔自治区,塔什库尔干,51804,0.0
新疆维吾尔自治区,塔中,51747,0.0
新疆维吾尔自治区,喀什,51709,0.0
新疆维吾尔自治区,哈巴河,51053,0.0
新疆维吾尔自治区,哈密,52203,0.0
新疆维吾尔自治区,和静,51559,0.0
新疆维吾尔自治区,和硕,51568,0.0
新疆维吾尔自治区,巴音布鲁克,51542,0.0
新疆维吾尔自治区,布尔津,51060,0.0
新疆维吾尔自治区,库尔勒,51656,0.0
新疆维吾尔自治区,沙雅,51639,0.0
新疆维吾尔自治区,福海,51068,0.0
山东省,平度,54842,0.0
新疆维吾尔自治区,皮山,51818,0.0
山东省,平邑,54925,0.0
山东省,平阴,54818,0.0
新疆维吾尔自治区,焉耆,51567,0.0
新疆维吾尔自治区,温宿,51629,0.0
新疆维吾尔自治区,洛浦,51829,0.0
新疆维吾尔自治区,泽普,51815,0.0
山东省,广饶,54738,0.0
新疆维吾尔自治区,库车,51644,0.0
新疆维吾尔自治区,民丰,51839,0.0
新疆维吾尔自治区,柯坪,51720,0.0
新疆维吾尔自治区,木垒,51482,0.0
山东省,庆云,54728,0.0
山东省,微山,58020,0.0
新疆维吾尔自治区,新和,51636,0.0
新疆维吾尔自治区,拜城,51633,0.0
新疆维吾尔自治区,托里,51241,0.0
新疆维吾尔自治区,托克逊,51571,0.0
江苏省,建湖,58146,0.0
江苏省,张家港,58353,0.0
江苏省,徐州,58027,0.0
江苏省,扬中,58247,0.0
江西省,婺源,58529,0.0
江西省,奉新,58601,0.0
山东省,冠县,54805,0.0
山东省,利津,54731,0.0
山东省,单县,58011,0.0
江西省,南昌,58606,0.0
山东省,博兴,54737,0.0
山东省,博山,54825,0.0
山东省,即墨,54855,0.0
山东省,台儿庄,58025,0.0
山东省,周村,54829,0.0
山东省,商河,54724,0.0
江西省,修水,57598,0.0
山东省,嘉祥,54921,0.0
江西省,余干,58612,0.0
山东省,垦利,54744,0.0
山东省,夏津,54803,0.0
山东省,威海,54774,0.0
江西省,九江县,58505,0.0
江西省,九江,58502,0.0
江西省,乐平,58620,0.0
山东省,兖州,54916,0.0
江西省,安义,58602,0.0
山东省,五莲,54940,0.0
山东省,临沂,54938,0.0
江西省,浮梁,58524,0.0
山东省,东阿,54815,0.0
山东省,临朐,54835,0.0
江西省,永修,58509,0.0
上海市,南汇,58369,0.0
江西省,武宁,58507,0.0
江西省,景德镇,58527,0.0
江西省,星子,58514,0.0
江西省,新建,58693,0.0
山东省,临沭,58032,0.0
山东省,乳山,54861,0.0
江西省,德安,58508,0.0
江西省,德兴,58622,0.0
江西省,彭泽,58512,0.0
江西省,弋阳,58624,0.0
江西省,庐山,58506,0.0
山东省,临淄,54834,0.0
山东省,临清,54802,0.0
山东省,临邑,54712,0.0
山东省,乐陵,54726,0.0
山东省,宁津,54716,0.0
江西省,丰城,58609,0.0
江西省,上高,57699,0.0
江苏省,泗洪,58135,0.0
江苏省,溧水,58340,0.0
江苏省,淮安,58141,0.0
江苏省,涟水,58140,0.0
江苏省,海门,58360,0.0
江苏省,海安,58254,0.0
江苏省,浦口,58237,0.0
江苏省,洪泽,58139,0.0
江苏省,泰兴,58249,0.0
江苏省,泗阳,58132,0.0
江苏省,沭阳,58038,0.0
江苏省,滨海,58049,0.0
江苏省,沛县,58013,0.0
江苏省,江阴,58351,0.0
江苏省,江都,58244,0.0
江苏省,江宁,58333,0.0
江苏省,楚州,58145,0.0
江苏省,昆山,58356,0.0
江苏省,无锡,58354,0.0
江苏省,新沂,58035,0.0
江苏省,扬州,58245,0.0
江苏省,溧阳,58345,0.0
江苏省,灌云,58047,0.0
山东省,宁阳,54913,0.0
江苏省,镇江,58248,0.0
山东省,安丘,54844,0.0
山东省,定陶,54909,0.0
江西省,万载,57698,0.0
江西省,万年,58615,0.0
山东省,寿光,54832,0.0
江苏省,高邮,58241,0.0
江苏省,高淳,58339,0.0
江苏省,靖江,58257,0.0
江苏省,阜宁,58143,0.0
江苏省,金湖,58147,0.0
江苏省,灌南,58048,0.0
江苏省,金坛,58342,0.0
江苏省,邳州,58026,0.0
江苏省,通州,58268,0.0
江苏省,连云港,58044,0.0
江苏省,赣榆,58040,0.0
江苏省,苏州,58349,0.0
江苏省,睢宁,58130,0.0
江苏省,盱眙,58138,0.0
江苏省,盐城,58154,0.0
新疆维吾尔自治区,和田,51828,0.0
山东省,成武,58003,0.0
山东省,招远,54755,0.0
山东省,高青,54729,0.0
山西省,大同,53487,0.0
山西省,大同县,53488,0.0
广东省,电白,59664,0.0
山西省,大宁,53856,0.0
山西省,天镇,53490,0.0
山西省,太原,53772,0.0
山西省,太原北郊,53677,0.0
山西省,太原南郊,53679,0.0
山西省,太原古交区,53763,0.0
山西省,太谷,53775,0.0
山西省,娄烦,53669,0.0
山西省,孝义,53768,0.0
山西省,宁武,53577,0.0
山西省,安泽,53877,0.0
山西省,定襄,53676,0.0
山西省,寿阳,53780,0.0
山西省,屯留,53879,0.0
山西省,山阴,53576,0.0
山西省,岚县,53665,0.0
山西省,岢岚,53662,0.0
山西省,左云,53573,0.0
山西省,壶关,53885,0.0
山西省,和顺,53788,0.0
山西省,吕梁,53764,0.0
山西省,交口,53860,0.0
山东省,鱼台,54907,0.0
山东省,齐河,54812,0.0
山东省,龙口,54753,0.0
山西省,中阳,53767,0.0
山西省,临县,53659,0.0
山西省,临汾,53868,0.0
山西省,五台县豆村,53681,0.0
山西省,五台山,53588,0.0
山西省,五寨,53663,0.0
山西省,交城,53777,0.0
广东省,茂名,59659,0.0
山西省,介休,53863,0.0
广东省,阳山,59075,0.0
山西省,代县,53579,0.0
山西省,保德,53660,0.0
山西省,偏关,53565,0.0
山西省,兴县,53664,0.0
山西省,原平,53673,0.0
山西省,古县,53874,0.0
山西省,右玉,53478,0.0
山西省,左权,53786,0.0
山西省,平定,53687,0.0
山西省,平遥,53778,0.0
山西省,黎城,53878,0.0
山西省,清徐,53774,0.0
山西省,潞城,53880,0.0
山西省,灵丘,53594,0.0
山西省,灵石,53862,0.0
山西省,盂县,53685,0.0
山西省,石楼,53759,0.0
山西省,祁县,53770,0.0
山西省,神池,53575,0.0
山西省,繁峙,53585,0.0
山西省,高平,53973,0.0
山西省,洪洞,53866,0.0
山西省,静乐,53666,0.0
山西省,霍州,53869,0.0
山西省,隰县,53853,0.0
山西省,陵川,53981,0.0
山西省,阳高,53486,0.0
山西省,阳泉,53782,0.0
山西省,阳曲,53678,0.0
山西省,长治,53882,0.0
山西省,长子,53873,0.0
山西省,浑源,53582,0.0
山西省,河曲,53564,0.0
山西省,平顺,53888,0.0
山西省,晋中,53776,0.0
山西省,平鲁,53574,0.0
山西省,广灵,53590,0.0
山西省,应县,53584,0.0
山西省,忻州,53674,0.0
广东省,开平,59475,0.0
山西省,怀仁,53580,0.0
山西省,文水,53771,0.0
山西省,方山,53760,0.0
山西省,昔阳,53783,0.0
山西省,晋城,53976,0.0
山西省,沁源,53875,0.0
山西省,朔州,53578,0.0
山西省,柳林,53753,0.0
山西省,榆社,53787,0.0
山西省,武乡,53871,0.0
广东省,吴川,59656,0.0
山西省,永和,53852,0.0
山西省,汾西,53865,0.0
山西省,汾阳,53769,0.0
山西省,沁县,53872,0.0
广西壮族自治区,三江,57941,0.0
山东省,高密,54846,0.0
新疆维吾尔自治区,吐鲁番,51573,0.0
山东省,高唐,54810,0.0
山东省,桓台,54833,0.0
山东省,梁山,54910,0.0
山东省,武城,54709,0.0
山东省,汶上,54912,0.0
山东省,沂南,54935,0.0
山东省,沂水,54932,0.0
山东省,沂源,54836,0.0
山东省,河口,54732,0.0
广西壮族自治区,融水,57948,0.0
广西壮族自治区,融安,57947,0.0
山东省,沾化,54730,0.0
广西壮族自治区,蒙山,59058,0.0
山东省,泗水,54920,0.0
山东省,泰安,54827,0.0
山东省,济南,54823,0.0
山东省,济宁,54915,0.0
山东省,济阳,54821,0.0
山东省,海阳,54863,0.0
山东省,淄博,54830,0.0
山东省,淄川,54824,0.0
山东省,滕州,54927,0.0
山东省,栖霞,54759,0.0
山东省,枣庄,58024,0.0
山东省,曹县,58002,0.0
新疆维吾尔自治区,于田,51931,0.0
新疆维吾尔自治区,吉木萨尔,51378,0.0
新疆维吾尔自治区,吉木乃,51059,0.0
新疆维吾尔自治区,叶城,51814,0.0
新疆维吾尔自治区,博湖,51663,0.0
新疆维吾尔自治区,克拉玛依,51243,0.0
新疆维吾尔自治区,伽师,51707,0.0
新疆维吾尔自治区,伊宁市,51431,0.0
新疆维吾尔自治区,伊宁县,51434,0.0
新疆维吾尔自治区,伊吾,52118,0.0
山东省,文登,54777,0.0
山东省,曲阜,54918,0.0
山东省,新泰,54922,0.0
新疆维吾尔自治区,乌恰,51705,0.0
新疆维吾尔自治区,乌什,51627,0.0
新疆维吾尔自治区,且末,51855,0.0
山东省,无棣,54722,0.0
广西壮族自治区,鹿寨,59045,0.0
山东省,日照,54945,0.0
山东省,昌乐,54837,0.0
山东省,昌邑,54841,0.0
广西壮族自治区,灵川,57956,0.0
山东省,滨州,54734,0.0
山东省,潍坊,54843,0.0
山东省,郓城,54905,0.0
山东省,莱阳,54852,0.0
山东省,菏泽,54906,0.0
山东省,蒙阴,54923,0.0
山东省,蓬莱,54752,0.0
山东省,薛城,58021,0.0
山东省,诸城,54848,0.0
山东省,费县,54929,0.0
山东省,邹城,54919,0.0
山东省,邹平,54822,0.0
山东省,郯城,58034,0.0
广西壮族自治区,富川,59061,0.0
山东省,鄄城,54904,0.0
山东省,金乡,54917,0.0
山东省,长岛,54751,0.0
山东省,长清,54816,0.0
山东省,阳信,54723,0.0
山东省,阳谷,54807,0.0
山东省,陵县,54715,0.0
山东省,青岛,54857,0.0
山东省,青州,54831,0.0
山东省,莱西,54851,0.0
山东省,莱芜,54828,0.0
山东省,烟台,54765,0.0
山东省,肥城,54819,0.0
山东省,牟平,54766,0.0
广西壮族自治区,永福,57949,0.0
山东省,石岛,54871,0.0
山东省,福山,54764,0.0
山东省,禹城,54811,0.0
山东省,章丘,54727,0.0
广西壮族自治区,桂林,57957,0.0
广西壮族自治区,桂平,59254,0.0
山东省,聊城,54806,0.0
山东省,胶南,54943,0.0
山东省,莱州,54749,0.0
山东省,胶州,54849,0.0
山东省,苍山,58030,0.0
广西壮族自治区,恭城,59052,0.0
山东省,茌平,54814,0.0
山东省,荣成,54778,0.0
山东省,莒南,54939,0.0
山东省,莒县,54936,0.0
广西壮族自治区,平乐,59053,0.0
山东省,莘县,54808,0.0
江西省,湖口,58510,0.0
江西省,瑞昌,58503,0.0
湖北省,通城,57589,0.0
河南省,长葛,57087,0.0
浙江省,富阳,58449,0.0
浙江省,定海,58477,0.0
浙江省,安吉,58446,0.0
浙江省,宁海,58567,0.0
浙江省,宁波,58562,0.0
浙江省,奉化,58565,0.0
安徽省,绩溪,58438,0.0
浙江省,嘉善,58451,0.0
浙江省,嘉兴,58452,0.0
安徽省,肥东,58323,0.0
浙江省,北仑,58563,0.0
安徽省,肥西,58320,0.0
浙江省,余杭,58444,0.0
安徽省,芜湖,58334,0.0
浙江省,义乌,58557,0.0
安徽省,萧县,58016,0.0
安徽省,蒙城,58118,0.0
浙江省,临安,58448,0.0
浙江省,东阳,58558,0.0
河南省,鹿邑县,58101,0.0
河南省,鹤壁,53990,0.0
浙江省,岱山,58484,0.0
浙江省,嵊州,58556,0.0
浙江省,嵊泗,58472,0.0
安徽省,濉溪,58113,0.0
安徽省,池州,58427,0.0
安徽省,泗县,58126,0.0
安徽省,泾县,58432,0.0
安徽省,涡阳,58114,0.0
安徽省,淮北,58116,0.0
安徽省,淮南,58224,0.0
安徽省,滁州,58236,0.0
安徽省,潜山,58415,0.0
浙江省,桐乡,58456,0.0
浙江省,杭州,58457,0.0
安徽省,繁昌,58337,0.0
安徽省,灵璧,58125,0.0
浙江省,普陀,58570,0.0
浙江省,新昌,58555,0.0
浙江省,慈溪,58467,0.0
浙江省,德清,58454,0.0
浙江省,开化,58537,0.0
安徽省,石台,58428,0.0
安徽省,砀山,58015,0.0
安徽省,祁门,58520,0.0
河南省,项城市,57196,0.0
河南省,长垣县,53998,0.0
山东省,东明,54908,0.0
河南省,鄢陵,57095,0.0
河南省,温县,57079,0.0
河南省,渑池,57063,0.0
河南省,清丰县,54902,0.0
河南省,淮阳县,57192,0.0
河南省,淮滨,58205,0.0
河南省,淇县,53974,0.0
安徽省,长丰,58220,0.0
河南省,浚县,53992,0.0
河南省,洛阳市,57073,0.0
河南省,沈丘县,58104,0.0
河南省,沁阳市,53972,0.0
河南省,汤阴县,53991,0.0
河南省,汝州,57075,0.0
河南省,永城,58111,0.0
河南省,民权,58004,0.0
河南省,正阳县,57295,0.0
河南省,桐柏,57285,0.0
河南省,柘城,58007,0.0
河南省,林州市,53889,0.0
河南省,杞县,57096,0.0
河南省,新郑市,57086,0.0
河南省,滑县,53995,0.0
河南省,漯河市,57186,0.0
河南省,潢川,58207,0.0
河南省,虞城,58006,0.0
河南省,郸城县,58100,0.0
河南省,郑州,57083,0.0
河南省,郏县,57180,0.0
安徽省,郎溪,58442,0.0
河南省,通许,57191,0.0
河南省,辉县市,53985,0.0
河南省,许昌,57089,0.0
安徽省,金寨,58306,0.0
河南省,西华县,57193,0.0
河南省,获嘉县,53988,0.0
河南省,濮阳,54900,0.0
河南省,荥阳市,57081,0.0
河南省,范县,54903,0.0
河南省,罗山,57298,0.0
河南省,禹州,57088,0.0
河南省,社旗,57187,0.0
河南省,睢县,58001,0.0
河南省,登封市,57082,0.0
河南省,焦作市,53982,0.0
安徽省,铜陵,58429,0.0
浙江省,海宁,58455,0.0
浙江省,海盐,58458,0.0
浙江省,淳安,58543,0.0
安徽省,歙县,58530,0.0
湖北省,枣阳,57279,0.0
湖北省,枝江,57466,0.0
湖北省,松滋,57469,0.0
湖北省,来凤,57545,0.0
湖北省,新洲,57492,0.0
湖北省,恩施,57447,0.0
湖北省,当阳,57460,0.0
湖北省,建始,57445,0.0
湖北省,应城,57481,0.0
湖北省,广水,57385,0.0
湖北省,崇阳,57586,0.0
湖北省,宣恩,57541,0.0
湖北省,宜都,57465,0.0
湖北省,宜昌,57461,0.0
湖北省,安陆,57388,0.0
湖北省,孝感,57482,0.0
山西省,蒲县,53864,0.0
湖北省,天门,57483,0.0
湖北省,大悟,57395,0.0
湖北省,大冶,57499,0.0
湖北省,嘉鱼,57583,0.0
湖北省,武汉,57494,0.0
湖北省,武穴,58501,0.0
湖北省,汉川,57486,0.0
湖北省,罗田,58401,0.0
湖北省,远安,57368,0.0
湖北省,赤壁,57582,0.0
安徽省,休宁,58534,0.0
安徽省,全椒,58230,0.0
湖北省,蕲春,58408,0.0
湖北省,蔡甸,57489,0.0
湖北省,荆门,57377,0.0
湖北省,荆州,57476,0.0
湖北省,英山,58402,0.0
湖北省,红安,57398,0.0
湖北省,江夏,57493,0.0
安徽省,六安,58311,0.0
安徽省,凤台,58212,0.0
湖北省,秭归,57358,0.0
安徽省,凤阳,58222,0.0
湖北省,石首,57571,0.0
湖北省,监利,57573,0.0
湖北省,潜江,57475,0.0
湖北省,浠水,58404,0.0
湖北省,洪湖,57581,0.0
湖北省,咸宁,57590,0.0
湖北省,咸丰,57540,0.0
安徽省,南陵,58431,0.0
浙江省,象山,58566,0.0
海南省,东方,59838,0.0
海南省,万宁,59951,0.0
安徽省,广德,58441,0.0
安徽省,庐江,58327,0.0
安徽省,当涂,58335,0.0
浙江省,长兴,58443,0.0
浙江省,镇海,58561,0.0
安徽省,怀宁,58416,0.0
安徽省,怀远,58127,0.0
安徽省,旌德,58435,0.0
安徽省,岳西,58317,0.0
安徽省,无为,58329,0.0
浙江省,萧山,58459,0.0
安徽省,明光,58223,0.0
安徽省,望江,58418,0.0
安徽省,来安,58234,0.0
浙江省,绍兴,58453,0.0
安徽省,枞阳,58420,0.0
浙江省,湖州,58450,0.0
安徽省,桐城,58319,0.0
安徽省,巢湖,58326,0.0
安徽省,寿县,58215,0.0
安徽省,合肥,58321,0.0
海南省,陵水,59954,0.0
湖北省,利川,57439,0.0
湖北省,公安,57477,0.0
安徽省,含山,58330,0.0
湖北省,仙桃,57485,0.0
湖北省,京山,57387,0.0
湖北省,五峰,57458,0.0
湖北省,云梦,57389,0.0
安徽省,和县,58331,0.0
湖北省,三峡,57462,0.0
海南省,西沙永兴岛,59981,0.0
安徽省,宿松,58417,0.0
安徽省,固镇,58128,0.0
海南省,琼海,59855,0.0
安徽省,天长,58240,0.0
安徽省,太湖,58414,0.0
安徽省,宁国,58436,0.0
安徽省,安庆,58424,0.0
安徽省,定远,58225,0.0
安徽省,宣城,58433,0.0
安徽省,宿州,58122,0.0
河南省,新密市,57085,0.0
河南省,新安县,57070,0.0
河南省,新县,57396,0.0
河北省,永年,53895,0.0
河北省,怀安,53491,0.0
河北省,徐水,54601,0.0
河北省,张家口,54401,0.0
河北省,张北,53399,0.0
河北省,廊坊,54515,0.0
河北省,康保,53392,0.0
河北省,广平,53899,0.0
河北省,广宗,54631,0.0
河北省,平泉,54319,0.0
河北省,平山,53694,0.0
河北省,平乡,54632,0.0
河北省,巨鹿,53799,0.0
河北省,崇礼,54304,0.0
河北省,峰峰,53894,0.0
河北省,尚义,53397,0.0
河北省,宽城,54432,0.0
河北省,容城,54503,0.0
河北省,宣化,53498,0.0
河北省,定州,53696,0.0
河北省,安新,54605,0.0
河北省,安平,54609,0.0
河北省,怀来,54405,0.0
河北省,成安,53996,0.0
河北省,承德,54423,0.0
河北省,曲周,53893,0.0
河北省,武强,54700,0.0
河北省,武安,53890,0.0
河北省,正定,53691,0.0
河北省,栾城,53789,0.0
河北省,柏乡,53785,0.0
河北省,枣强,54708,0.0
河北省,望都,54607,0.0
河北省,曹妃甸,54538,0.0
河北省,曲阳,53682,0.0
河北省,景县,54711,0.0
河北省,承德县,54430,0.0
河北省,晋州,53689,0.0
河北省,易县,54507,0.0
河北省,昌黎,54540,0.0
河北省,无极,53699,0.0
河北省,新河,54633,0.0
河北省,新乐,53695,0.0
河北省,文安,54612,0.0
河北省,故城,54707,0.0
河北省,抚宁,54541,0.0
河北省,安国,54604,0.0
河北省,宁晋,53796,0.0
河北省,孟村,54644,0.0
江西省,高安,58605,0.0
河北省,临城,53792,0.0
河北省,丰润,54532,0.0
河北省,丰宁,54308,0.0
河北省,丰南,54533,0.0
河北省,东光,54713,0.0
河北省,三河,54520,0.0
河北省,万全,53499,0.0
安徽省,颍上,58210,0.0
安徽省,马鞍山,58336,0.0
江西省,靖安,58600,0.0
河北省,临西,54801,0.0
江西省,铜鼓,57694,0.0
安徽省,黄山区,58426,0.0
江西省,鄱阳,58519,0.0
江西省,都昌,58517,0.0
安徽省,黄山市,58531,0.0
江西省,进贤,58614,0.0
安徽省,黟县,58523,0.0
江西省,莲塘,58607,0.0
山东省,东平,54911,0.0
河北省,临漳,53773,0.0
河北省,乐亭,54539,0.0
河北省,威县,54800,0.0
河北省,卢龙,54438,0.0
河北省,大城,54613,0.0
河北省,大名,54804,0.0
河北省,大厂,54510,0.0
河北省,固安,54512,0.0
河北省,围场,54311,0.0
河北省,唐海,54535,0.0
河北省,唐山,54534,0.0
河北省,唐县,53692,0.0
河北省,吴桥,54717,0.0
河北省,南皮,54719,0.0
河北省,井陉,53693,0.0
河北省,南宫,54705,0.0
河北省,南和,53891,0.0
河北省,内邱,53797,0.0
河北省,冀州,54704,0.0
河北省,兴隆,54425,0.0
河北省,元氏,53791,0.0
河北省,保定,54602,0.0
河北省,任县,53883,0.0
河北省,任丘,54610,0.0
河北省,武邑,54703,0.0
河北省,永清,54519,0.0
河南省,新乡市,53986,0.0
河北省,沙河,53781,0.0
河南省,内黄县,53993,0.0
安徽省,青阳,58421,0.0
河南省,兰考,57093,0.0
河南省,光山,57299,0.0
河南省,偃师市,57076,0.0
河南省,修武县,53984,0.0
河南省,信阳市,57297,0.0
河南省,伊川县,57074,0.0
河南省,临颍县,57183,0.0
河南省,中牟县,57090,0.0
河北省,黄骅,54624,0.0
河北省,鸡泽,54640,0.0
河北省,魏县,53896,0.0
河北省,高阳,54603,0.0
河北省,高邑,53790,0.0
河北省,高碑店,54506,0.0
河北省,香河,54521,0.0
河北省,馆陶,54809,0.0
河北省,饶阳,54606,0.0
河北省,顺平,53596,0.0
河北省,青龙,54436,0.0
河南省,南乐县,54901,0.0
安徽省,霍邱,58214,0.0
河南省,卫辉市,53994,0.0
河南省,宁陵,58008,0.0
河南省,扶沟县,57098,0.0
河南省,息县,57296,0.0
河南省,开封市,57091,0.0
河南省,延津县,53997,0.0
河南省,巩义市,57080,0.0
河南省,尉氏,57094,0.0
河南省,封丘县,53983,0.0
河南省,宜阳县,57065,0.0
河南省,安阳市,53898,0.0
河南省,孟津县,57071,0.0
河南省,原阳县,53989,0.0
河南省,孟州市,57072,0.0
河南省,太康县,57099,0.0
河南省,夏邑,58017,0.0
河南省,固始,58208,0.0
河南省,商水县,57198,0.0
河南省,商城,58301,0.0
河南省,商丘,58005,0.0
河南省,周口,57195,0.0
河南省,台前县,54817,0.0
河北省,青县,54615,0.0
河北省,霸州,54518,0.0
河北省,雄县,54636,0.0
河北省,深泽,54621,0.0
河北省,盐山,54627,0.0
河北省,玉田,54522,0.0
河北省,献县,54617,0.0
河北省,灵寿,53680,0.0
河北省,滦平,54420,0.0
河北省,滦县,54531,0.0
河北省,滦南,54437,0.0
河北省,满城,54611,0.0
河北省,清河,54706,0.0
河北省,深州,54608,0.0
河北省,磁县,53897,0.0
河北省,涿鹿,54408,0.0
河北省,涿州,54502,0.0
河北省,涞源,53599,0.0
河北省,涉县,53886,0.0
河北省,海兴,54628,0.0
河北省,泊头,54618,0.0
河北省,沽源,54301,0.0
河北省,河间,54614,0.0
河北省,沧州,54616,0.0
河北省,石家庄,53698,0.0
河北省,秦皇岛,54449,0.0
河北省,隆尧,53794,0.0
河北省,迁安,54439,0.0
河北省,隆化,54318,0.0
河北省,阳原,53492,0.0
河北省,阜平,53690,0.0
河北省,阜城,54710,0.0
河北省,邱县,54820,0.0
河北省,邯郸,53892,0.0
河北省,邢台,53798,0.0
河北省,遵化,54429,0.0
河北省,迁西,54434,0.0
河北省,辛集,54701,0.0
河北省,肃宁,54626,0.0
河北省,赵县,53784,0.0
河北省,赤城,54404,0.0
河北省,赞皇,53795,0.0
河北省,衡水,54702,0.0
河北省,行唐,53688,0.0
河北省,蠡县,54620,0.0
河北省,藁城,53697,0.0
河北省,蔚县,53593,0.0
河北省,肥乡,53980,0.0
上海市,上海,58367,0.0
